model,accuracy,precision,recall,f1_score
Model2_CNN_BiLSTM_Hybrid,0.8299574428501663,0.6171408657646935,0.6456728292651427,0.620907774091833
Model1_CNN,0.8225157554475477,0.6081961831308479,0.628943124165361,0.608899637813403
